{
  "arrangeData": [
    {
      "objNum": 2.0,
      "collectNum": 0.0,
      "x": -1851.425537109375,
      "z": 535.4154663085938,
      "dirX": 0.9781479835510254,
      "dirZ": 0.20791199803352356
    }
  ]
}