{
  "arrangeData": [
    {
      "objNum": 32.0,
      "collectNum": 0.0,
      "x": 700.0,
      "z": 0.0,
      "dirX": 1.0,
      "dirZ": 0.0
    },
    {
      "objNum": 32.0,
      "collectNum": 0.0,
      "x": -226.7062225341797,
      "z": 1720.402587890625,
      "dirX": 1.0,
      "dirZ": 0.0
    },
    {
      "objNum": 32.0,
      "collectNum": 0.0,
      "x": -1301.2991943359375,
      "z": -59.925689697265625,
      "dirX": 1.0,
      "dirZ": 0.0
    },
    {
      "objNum": 32.0,
      "collectNum": 0.0,
      "x": 1628.3218994140625,
      "z": -632.4857788085938,
      "dirX": 1.0,
      "dirZ": 0.0
    }
  ]
}