{
  "arrangeData": [
    {
      "objNum": 2.0,
      "collectNum": 0.0,
      "x": 1038.7525634765625,
      "z": 2858.68896484375,
      "dirX": 0.9510570168495178,
      "dirZ": -0.30901700258255005
    }
  ]
}