{"arrangeData":[{"objNum":2.0,"collectNum":0.0,"x":1880.547607421875,"y":2161.51611328125,"dirX":0.0348999984562397,"dirZ":-0.9993910193443298}]}